x-axis,1,2,3
second,Volt,Volt,Volt
+2.78000E-03,+1.81250000E+00,+2.58124995E+00,+2.61875010E+00
+2.79000E-03,+1.78125000E+00,+2.54999995E+00,+2.46250010E+00
+2.80000E-03,+1.75000000E+00,+2.54999995E+00,+2.33750010E+00
+2.81000E-03,+1.68750000E+00,+2.42499995E+00,+2.15000010E+00
+2.82000E-03,+1.68750000E+00,+2.33124995E+00,+2.02500010E+00
+2.83000E-03,+1.62500000E+00,+2.23749995E+00,+1.90000010E+00
+2.84000E-03,+1.62500000E+00,+2.14374995E+00,+1.74375010E+00
+2.85000E-03,+1.56250000E+00,+2.01874995E+00,+1.65000010E+00
+2.86000E-03,+1.56250000E+00,+1.86249995E+00,+1.58750010E+00
+2.87000E-03,+1.53125000E+00,+1.79999995E+00,+1.43125010E+00
+2.88000E-03,+1.56250000E+00,+1.67499995E+00,+1.40000010E+00
+2.89000E-03,+1.46875000E+00,+1.61249995E+00,+1.36875010E+00
+2.90000E-03,+1.46875000E+00,+1.54999995E+00,+1.33750010E+00
+2.91000E-03,+1.50000000E+00,+1.45624995E+00,+1.33750010E+00
+2.92000E-03,+1.46875000E+00,+1.42499995E+00,+1.30625010E+00
+2.93000E-03,+1.53125000E+00,+1.36249995E+00,+1.30625010E+00
+2.94000E-03,+1.53125000E+00,+1.33124995E+00,+1.30625010E+00
+2.95000E-03,+1.53125000E+00,+1.36249995E+00,+1.33750010E+00
+2.96000E-03,+1.56250000E+00,+1.33124995E+00,+1.36875010E+00
+2.97000E-03,+1.56250000E+00,+1.36249995E+00,+1.40000010E+00
+2.98000E-03,+1.56250000E+00,+1.39374995E+00,+1.46250010E+00
+2.99000E-03,+1.65625000E+00,+1.39374995E+00,+1.52500010E+00
+3.00000E-03,+1.68750000E+00,+1.45624995E+00,+1.55625010E+00
+3.01000E-03,+1.71875000E+00,+1.51874995E+00,+1.61875010E+00
+3.02000E-03,+1.78125000E+00,+1.51874995E+00,+1.65000010E+00
+3.03000E-03,+1.81250000E+00,+1.58124995E+00,+1.71250010E+00
+3.04000E-03,+1.90625000E+00,+1.58124995E+00,+1.80625010E+00
+3.05000E-03,+1.90625000E+00,+1.67499995E+00,+1.83750010E+00
+3.06000E-03,+2.00000000E+00,+1.76874995E+00,+1.90000010E+00
+3.07000E-03,+2.03125000E+00,+1.79999995E+00,+1.99375010E+00
+3.08000E-03,+2.12500000E+00,+1.83124995E+00,+2.02500010E+00
+3.09000E-03,+2.18750000E+00,+1.89374995E+00,+2.11875010E+00
+3.10000E-03,+2.25000000E+00,+1.95624995E+00,+2.18125010E+00
+3.11000E-03,+2.31250000E+00,+2.01874995E+00,+2.27500010E+00
+3.12000E-03,+2.43750000E+00,+2.08124995E+00,+2.33750010E+00
+3.13000E-03,+2.46875000E+00,+2.14374995E+00,+2.43125010E+00
+3.14000E-03,+2.50000000E+00,+2.26874995E+00,+2.46250010E+00
+3.15000E-03,+2.59375000E+00,+2.33124995E+00,+2.61875010E+00
+3.16000E-03,+2.71875000E+00,+2.36249995E+00,+2.65000010E+00
+3.17000E-03,+2.78125000E+00,+2.45624995E+00,+2.71250010E+00
+3.18000E-03,+2.90625000E+00,+2.54999995E+00,+2.80625010E+00
+3.19000E-03,+2.90625000E+00,+2.61249995E+00,+2.90000010E+00
+3.20000E-03,+3.00000000E+00,+2.67499995E+00,+2.96250010E+00
+3.21000E-03,+3.06250000E+00,+2.76874995E+00,+3.02500010E+00
+3.22000E-03,+3.06250000E+00,+2.89374995E+00,+3.05625010E+00
+3.23000E-03,+3.12500000E+00,+2.92499995E+00,+3.15000010E+00
+3.24000E-03,+3.15625000E+00,+2.98749995E+00,+3.24375010E+00
+3.25000E-03,+3.21875000E+00,+3.04999995E+00,+3.30625010E+00
+3.26000E-03,+3.28125000E+00,+3.11249995E+00,+3.30625010E+00
+3.27000E-03,+3.28125000E+00,+3.23749995E+00,+3.36875010E+00
+3.28000E-03,+3.31250000E+00,+3.26874995E+00,+3.43125010E+00
+3.29000E-03,+3.31250000E+00,+3.29999995E+00,+3.43125010E+00
+3.30000E-03,+3.31250000E+00,+3.29999995E+00,+3.43125010E+00
+3.31000E-03,+3.31250000E+00,+3.36249995E+00,+3.49375010E+00
+3.32000E-03,+3.31250000E+00,+3.39374995E+00,+3.46250010E+00
+3.33000E-03,+3.31250000E+00,+3.42499995E+00,+3.46250010E+00
+3.34000E-03,+3.28125000E+00,+3.42499995E+00,+3.49375010E+00
+3.35000E-03,+3.28125000E+00,+3.42499995E+00,+3.43125010E+00
+3.36000E-03,+3.25000000E+00,+3.42499995E+00,+3.43125010E+00
+3.37000E-03,+3.15625000E+00,+3.42499995E+00,+3.36875010E+00
+3.38000E-03,+3.12500000E+00,+3.39374995E+00,+3.33750010E+00
+3.39000E-03,+3.06250000E+00,+3.39374995E+00,+3.27500010E+00
+3.40000E-03,+3.00000000E+00,+3.33124995E+00,+3.21250010E+00
+3.41000E-03,+2.90625000E+00,+3.26874995E+00,+3.11875010E+00
+3.42000E-03,+2.81250000E+00,+3.23749995E+00,+3.08750010E+00
+3.43000E-03,+2.75000000E+00,+3.14374995E+00,+2.96250010E+00
+3.44000E-03,+2.68750000E+00,+3.14374995E+00,+2.86875010E+00
+3.45000E-03,+2.56250000E+00,+3.01874995E+00,+2.80625010E+00
+3.46000E-03,+2.50000000E+00,+2.92499995E+00,+2.74375010E+00
+3.47000E-03,+2.37500000E+00,+2.83124995E+00,+2.61875010E+00
+3.48000E-03,+2.31250000E+00,+2.76874995E+00,+2.43125010E+00
+3.49000E-03,+2.21875000E+00,+2.67499995E+00,+2.40000010E+00
+3.50000E-03,+2.12500000E+00,+2.58124995E+00,+2.27500010E+00
+3.51000E-03,+2.03125000E+00,+2.48749995E+00,+2.15000010E+00
+3.52000E-03,+1.93750000E+00,+2.36249995E+00,+2.05625010E+00
+3.53000E-03,+1.84375000E+00,+2.29999995E+00,+1.96250010E+00
+3.54000E-03,+1.81250000E+00,+2.20624995E+00,+1.86875010E+00
+3.55000E-03,+1.75000000E+00,+2.08124995E+00,+1.80625010E+00
+3.56000E-03,+1.65625000E+00,+1.98749995E+00,+1.71250010E+00
+3.57000E-03,+1.65625000E+00,+1.89374995E+00,+1.61875010E+00
+3.58000E-03,+1.59375000E+00,+1.83124995E+00,+1.58750010E+00
+3.59000E-03,+1.53125000E+00,+1.70624995E+00,+1.49375010E+00
+3.60000E-03,+1.50000000E+00,+1.67499995E+00,+1.43125010E+00
+3.61000E-03,+1.50000000E+00,+1.58124995E+00,+1.43125010E+00
+3.62000E-03,+1.50000000E+00,+1.51874995E+00,+1.40000010E+00
+3.63000E-03,+1.50000000E+00,+1.48749995E+00,+1.36875010E+00
+3.64000E-03,+1.56250000E+00,+1.45624995E+00,+1.36875010E+00
+3.65000E-03,+1.50000000E+00,+1.45624995E+00,+1.36875010E+00
+3.66000E-03,+1.56250000E+00,+1.42499995E+00,+1.40000010E+00
+3.67000E-03,+1.59375000E+00,+1.42499995E+00,+1.40000010E+00
+3.68000E-03,+1.68750000E+00,+1.42499995E+00,+1.46250010E+00
+3.69000E-03,+1.78125000E+00,+1.45624995E+00,+1.55625010E+00
+3.70000E-03,+1.84375000E+00,+1.48749995E+00,+1.61875010E+00
+3.71000E-03,+1.93750000E+00,+1.54999995E+00,+1.68125010E+00
+3.72000E-03,+2.03125000E+00,+1.61249995E+00,+1.83750010E+00
+3.73000E-03,+2.12500000E+00,+1.64374995E+00,+1.93125010E+00
+3.74000E-03,+2.25000000E+00,+1.73749995E+00,+2.02500010E+00
+3.75000E-03,+2.28125000E+00,+1.83124995E+00,+2.11875010E+00
+3.76000E-03,+2.43750000E+00,+1.89374995E+00,+2.24375010E+00
+3.77000E-03,+2.53125000E+00,+1.98749995E+00,+2.36875010E+00
+3.78000E-03,+2.65625000E+00,+2.14374995E+00,+2.49375010E+00
+3.79000E-03,+2.78125000E+00,+2.20624995E+00,+2.61875010E+00
+3.80000E-03,+2.84375000E+00,+2.36249995E+00,+2.74375010E+00
+3.81000E-03,+2.93750000E+00,+2.48749995E+00,+2.90000010E+00
+3.82000E-03,+3.09375000E+00,+2.61249995E+00,+2.99375010E+00
+3.83000E-03,+3.12500000E+00,+2.73749995E+00,+3.08750010E+00
+3.84000E-03,+3.15625000E+00,+2.86249995E+00,+3.21250010E+00
+3.85000E-03,+3.21875000E+00,+2.95624995E+00,+3.30625010E+00
+3.86000E-03,+3.31250000E+00,+3.08124995E+00,+3.40000010E+00
+3.87000E-03,+3.34375000E+00,+3.14374995E+00,+3.46250010E+00
+3.88000E-03,+3.31250000E+00,+3.23749995E+00,+3.52500010E+00
+3.89000E-03,+3.31250000E+00,+3.33124995E+00,+3.55625010E+00
+3.90000E-03,+3.37500000E+00,+3.36249995E+00,+3.55625010E+00
+3.91000E-03,+3.34375000E+00,+3.42499995E+00,+3.55625010E+00
+3.92000E-03,+3.25000000E+00,+3.45624995E+00,+3.55625010E+00
+3.93000E-03,+3.18750000E+00,+3.45624995E+00,+3.52500010E+00
+3.94000E-03,+3.12500000E+00,+3.48749995E+00,+3.46250010E+00
+3.95000E-03,+3.12500000E+00,+3.48749995E+00,+3.43125010E+00
+3.96000E-03,+3.03125000E+00,+3.45624995E+00,+3.33750010E+00
+3.97000E-03,+2.87500000E+00,+3.39374995E+00,+3.27500010E+00
+3.98000E-03,+2.78125000E+00,+3.33124995E+00,+3.15000010E+00
+3.99000E-03,+2.71875000E+00,+3.26874995E+00,+3.02500010E+00
+4.00000E-03,+2.56250000E+00,+3.17499995E+00,+2.90000010E+00
+4.01000E-03,+2.43750000E+00,+3.11249995E+00,+2.77500010E+00
+4.02000E-03,+2.28125000E+00,+2.95624995E+00,+2.61875010E+00
+4.03000E-03,+2.21875000E+00,+2.86249995E+00,+2.46250010E+00
+4.04000E-03,+2.09375000E+00,+2.70624995E+00,+2.30625010E+00
+4.05000E-03,+2.00000000E+00,+2.58124995E+00,+2.15000010E+00
+4.06000E-03,+1.84375000E+00,+2.45624995E+00,+2.02500010E+00
+4.07000E-03,+1.75000000E+00,+2.33124995E+00,+1.90000010E+00
+4.08000E-03,+1.68750000E+00,+2.17499995E+00,+1.77500010E+00
+4.09000E-03,+1.59375000E+00,+2.01874995E+00,+1.65000010E+00
+4.10000E-03,+1.53125000E+00,+1.92499995E+00,+1.52500010E+00
+4.11000E-03,+1.53125000E+00,+1.79999995E+00,+1.46250010E+00
+4.12000E-03,+1.46875000E+00,+1.70624995E+00,+1.36875010E+00
+4.13000E-03,+1.46875000E+00,+1.61249995E+00,+1.30625010E+00
+4.14000E-03,+1.50000000E+00,+1.54999995E+00,+1.27500010E+00
+4.15000E-03,+1.50000000E+00,+1.45624995E+00,+1.27500010E+00
+4.16000E-03,+1.59375000E+00,+1.42499995E+00,+1.27500010E+00
+4.17000E-03,+1.62500000E+00,+1.39374995E+00,+1.33750010E+00
+4.18000E-03,+1.71875000E+00,+1.39374995E+00,+1.36875010E+00
+4.19000E-03,+1.78125000E+00,+1.39374995E+00,+1.43125010E+00
+4.20000E-03,+1.90625000E+00,+1.42499995E+00,+1.52500010E+00
+4.21000E-03,+2.03125000E+00,+1.45624995E+00,+1.65000010E+00
+4.22000E-03,+2.12500000E+00,+1.48749995E+00,+1.80625010E+00
+4.23000E-03,+2.28125000E+00,+1.61249995E+00,+1.93125010E+00
+4.24000E-03,+2.43750000E+00,+1.70624995E+00,+2.08750010E+00
+4.25000E-03,+2.56250000E+00,+1.79999995E+00,+2.24375010E+00
+4.26000E-03,+2.71875000E+00,+1.98749995E+00,+2.36875010E+00
+4.27000E-03,+2.81250000E+00,+2.11249995E+00,+2.58750010E+00
+4.28000E-03,+2.90625000E+00,+2.26874995E+00,+2.74375010E+00
+4.29000E-03,+3.00000000E+00,+2.42499995E+00,+2.86875010E+00
+4.30000E-03,+3.15625000E+00,+2.58124995E+00,+3.05625010E+00
+4.31000E-03,+3.18750000E+00,+2.73749995E+00,+3.18125010E+00
+4.32000E-03,+3.25000000E+00,+2.86249995E+00,+3.30625010E+00
+4.33000E-03,+3.28125000E+00,+3.01874995E+00,+3.46250010E+00
+4.34000E-03,+3.37500000E+00,+3.14374995E+00,+3.52500010E+00
+4.35000E-03,+3.34375000E+00,+3.23749995E+00,+3.58750010E+00
+4.36000E-03,+3.31250000E+00,+3.36249995E+00,+3.61875010E+00
+4.37000E-03,+3.25000000E+00,+3.39374995E+00,+3.61875010E+00
+4.38000E-03,+3.25000000E+00,+3.48749995E+00,+3.65000010E+00
+4.39000E-03,+3.12500000E+00,+3.48749995E+00,+3.55625010E+00
+4.40000E-03,+3.03125000E+00,+3.51874995E+00,+3.55625010E+00
+4.41000E-03,+2.96875000E+00,+3.51874995E+00,+3.43125010E+00
+4.42000E-03,+2.81250000E+00,+3.45624995E+00,+3.36875010E+00
+4.43000E-03,+2.71875000E+00,+3.42499995E+00,+3.18125010E+00
+4.44000E-03,+2.56250000E+00,+3.33124995E+00,+3.08750010E+00
+4.45000E-03,+2.43750000E+00,+3.20624995E+00,+2.90000010E+00
+4.46000E-03,+2.25000000E+00,+3.14374995E+00,+2.71250010E+00
+4.47000E-03,+2.12500000E+00,+2.98749995E+00,+2.52500010E+00
+4.48000E-03,+2.00000000E+00,+2.83124995E+00,+2.33750010E+00
+4.49000E-03,+1.84375000E+00,+2.67499995E+00,+2.15000010E+00
+4.50000E-03,+1.75000000E+00,+2.48749995E+00,+1.93125010E+00
+4.51000E-03,+1.65625000E+00,+2.29999995E+00,+1.77500010E+00
+4.52000E-03,+1.59375000E+00,+2.14374995E+00,+1.65000010E+00
+4.53000E-03,+1.50000000E+00,+2.01874995E+00,+1.49375010E+00
+4.54000E-03,+1.50000000E+00,+1.86249995E+00,+1.40000010E+00
+4.55000E-03,+1.50000000E+00,+1.67499995E+00,+1.30625010E+00
+4.56000E-03,+1.46875000E+00,+1.58124995E+00,+1.24375010E+00
+4.57000E-03,+1.56250000E+00,+1.51874995E+00,+1.24375010E+00
+4.58000E-03,+1.62500000E+00,+1.42499995E+00,+1.21250010E+00
+4.59000E-03,+1.68750000E+00,+1.36249995E+00,+1.24375010E+00
+4.60000E-03,+1.81250000E+00,+1.33124995E+00,+1.30625010E+00
+4.61000E-03,+1.93750000E+00,+1.33124995E+00,+1.43125010E+00
+4.62000E-03,+2.06250000E+00,+1.39374995E+00,+1.49375010E+00
+4.63000E-03,+2.18750000E+00,+1.45624995E+00,+1.68125010E+00
+4.64000E-03,+2.34375000E+00,+1.54999995E+00,+1.83750010E+00
+4.65000E-03,+2.50000000E+00,+1.61249995E+00,+2.02500010E+00
+4.66000E-03,+2.68750000E+00,+1.73749995E+00,+2.21250010E+00
+4.67000E-03,+2.78125000E+00,+1.89374995E+00,+2.43125010E+00
+4.68000E-03,+2.93750000E+00,+2.08124995E+00,+2.65000010E+00
+4.69000E-03,+3.06250000E+00,+2.26874995E+00,+2.80625010E+00
+4.70000E-03,+3.12500000E+00,+2.42499995E+00,+2.99375010E+00
+4.71000E-03,+3.21875000E+00,+2.61249995E+00,+3.21250010E+00
+4.72000E-03,+3.31250000E+00,+2.83124995E+00,+3.33750010E+00
+4.73000E-03,+3.28125000E+00,+2.95624995E+00,+3.46250010E+00
+4.74000E-03,+3.31250000E+00,+3.14374995E+00,+3.58750010E+00
+4.75000E-03,+3.31250000E+00,+3.29999995E+00,+3.68125010E+00
+4.76000E-03,+3.28125000E+00,+3.36249995E+00,+3.74375010E+00
+4.77000E-03,+3.21875000E+00,+3.48749995E+00,+3.68125010E+00
+4.78000E-03,+3.09375000E+00,+3.51874995E+00,+3.68125010E+00
+4.79000E-03,+3.00000000E+00,+3.58124995E+00,+3.58750010E+00
+4.80000E-03,+2.84375000E+00,+3.51874995E+00,+3.46250010E+00
+4.81000E-03,+2.75000000E+00,+3.51874995E+00,+3.33750010E+00
+4.82000E-03,+2.53125000E+00,+3.45624995E+00,+3.18125010E+00
+4.83000E-03,+2.37500000E+00,+3.33124995E+00,+2.96250010E+00
+4.84000E-03,+2.18750000E+00,+3.17499995E+00,+2.80625010E+00
+4.85000E-03,+2.03125000E+00,+3.04999995E+00,+2.55625010E+00
+4.86000E-03,+1.90625000E+00,+2.92499995E+00,+2.36875010E+00
+4.87000E-03,+1.75000000E+00,+2.73749995E+00,+2.11875010E+00
+4.88000E-03,+1.68750000E+00,+2.51874995E+00,+1.90000010E+00
+4.89000E-03,+1.59375000E+00,+2.29999995E+00,+1.74375010E+00
+4.90000E-03,+1.53125000E+00,+2.11249995E+00,+1.58750010E+00
+4.91000E-03,+1.46875000E+00,+1.95624995E+00,+1.40000010E+00
+4.92000E-03,+1.50000000E+00,+1.79999995E+00,+1.27500010E+00
+4.93000E-03,+1.53125000E+00,+1.64374995E+00,+1.24375010E+00
+4.94000E-03,+1.59375000E+00,+1.48749995E+00,+1.21250010E+00
+4.95000E-03,+1.68750000E+00,+1.39374995E+00,+1.21250010E+00
+4.96000E-03,+1.81250000E+00,+1.36249995E+00,+1.24375010E+00
+4.97000E-03,+1.93750000E+00,+1.36249995E+00,+1.30625010E+00
+4.98000E-03,+2.09375000E+00,+1.33124995E+00,+1.43125010E+00
+4.99000E-03,+2.28125000E+00,+1.39374995E+00,+1.58750010E+00
+5.00000E-03,+2.43750000E+00,+1.45624995E+00,+1.80625010E+00
+5.01000E-03,+2.65625000E+00,+1.61249995E+00,+1.99375010E+00
+5.02000E-03,+2.75000000E+00,+1.73749995E+00,+2.21250010E+00
+5.03000E-03,+2.90625000E+00,+1.86249995E+00,+2.43125010E+00
+5.04000E-03,+3.06250000E+00,+2.08124995E+00,+2.68125010E+00
+5.05000E-03,+3.15625000E+00,+2.26874995E+00,+2.90000010E+00
+5.06000E-03,+3.25000000E+00,+2.42499995E+00,+3.08750010E+00
+5.07000E-03,+3.34375000E+00,+2.67499995E+00,+3.30625010E+00
+5.08000E-03,+3.31250000E+00,+2.86249995E+00,+3.49375010E+00
+5.09000E-03,+3.31250000E+00,+3.04999995E+00,+3.58750010E+00
+5.10000E-03,+3.31250000E+00,+3.20624995E+00,+3.68125010E+00
+5.11000E-03,+3.25000000E+00,+3.36249995E+00,+3.71250010E+00
+5.12000E-03,+3.12500000E+00,+3.42499995E+00,+3.71250010E+00
+5.13000E-03,+3.00000000E+00,+3.51874995E+00,+3.68125010E+00
+5.14000E-03,+2.84375000E+00,+3.58124995E+00,+3.58750010E+00
+5.15000E-03,+2.65625000E+00,+3.54999995E+00,+3.43125010E+00
+5.16000E-03,+2.50000000E+00,+3.45624995E+00,+3.27500010E+00
+5.17000E-03,+2.28125000E+00,+3.39374995E+00,+3.08750010E+00
+5.18000E-03,+2.12500000E+00,+3.26874995E+00,+2.83750010E+00
+5.19000E-03,+1.96875000E+00,+3.14374995E+00,+2.61875010E+00
+5.20000E-03,+1.84375000E+00,+2.92499995E+00,+2.33750010E+00
+5.21000E-03,+1.71875000E+00,+2.73749995E+00,+2.08750010E+00
+5.22000E-03,+1.62500000E+00,+2.51874995E+00,+1.86875010E+00
+5.23000E-03,+1.53125000E+00,+2.29999995E+00,+1.65000010E+00
+5.24000E-03,+1.50000000E+00,+2.11249995E+00,+1.49375010E+00
+5.25000E-03,+1.53125000E+00,+1.89374995E+00,+1.33750010E+00
+5.26000E-03,+1.53125000E+00,+1.73749995E+00,+1.24375010E+00
+5.27000E-03,+1.65625000E+00,+1.61249995E+00,+1.18125010E+00
+5.28000E-03,+1.71875000E+00,+1.48749995E+00,+1.18125010E+00
+5.29000E-03,+1.90625000E+00,+1.39374995E+00,+1.21250010E+00
+5.30000E-03,+2.06250000E+00,+1.33124995E+00,+1.27500010E+00
+5.31000E-03,+2.21875000E+00,+1.36249995E+00,+1.43125010E+00
+5.32000E-03,+2.43750000E+00,+1.42499995E+00,+1.65000010E+00
+5.33000E-03,+2.62500000E+00,+1.48749995E+00,+1.83750010E+00
+5.34000E-03,+2.81250000E+00,+1.61249995E+00,+2.05625010E+00
+5.35000E-03,+2.96875000E+00,+1.79999995E+00,+2.30625010E+00
+5.36000E-03,+3.15625000E+00,+1.95624995E+00,+2.55625010E+00
+5.37000E-03,+3.18750000E+00,+2.17499995E+00,+2.83750010E+00
+5.38000E-03,+3.28125000E+00,+2.36249995E+00,+3.02500010E+00
+5.39000E-03,+3.31250000E+00,+2.61249995E+00,+3.27500010E+00
+5.40000E-03,+3.34375000E+00,+2.86249995E+00,+3.46250010E+00
+5.41000E-03,+3.31250000E+00,+3.01874995E+00,+3.58750010E+00
+5.42000E-03,+3.18750000E+00,+3.17499995E+00,+3.68125010E+00
+5.43000E-03,+3.09375000E+00,+3.33124995E+00,+3.74375010E+00
+5.44000E-03,+2.96875000E+00,+3.39374995E+00,+3.71250010E+00
+5.45000E-03,+2.78125000E+00,+3.51874995E+00,+3.61875010E+00
+5.46000E-03,+2.59375000E+00,+3.48749995E+00,+3.49375010E+00
+5.47000E-03,+2.43750000E+00,+3.51874995E+00,+3.33750010E+00
+5.48000E-03,+2.21875000E+00,+3.42499995E+00,+3.15000010E+00
+5.49000E-03,+2.06250000E+00,+3.29999995E+00,+2.86875010E+00
+5.50000E-03,+1.87500000E+00,+3.14374995E+00,+2.61875010E+00
+5.51000E-03,+1.75000000E+00,+2.98749995E+00,+2.36875010E+00
+5.52000E-03,+1.65625000E+00,+2.73749995E+00,+2.11875010E+00
+5.53000E-03,+1.50000000E+00,+2.51874995E+00,+1.83750010E+00
+5.54000E-03,+1.50000000E+00,+2.33124995E+00,+1.58750010E+00
+5.55000E-03,+1.53125000E+00,+2.04999995E+00,+1.43125010E+00
+5.56000E-03,+1.56250000E+00,+1.89374995E+00,+1.27500010E+00
+5.57000E-03,+1.65625000E+00,+1.70624995E+00,+1.21250010E+00
+5.58000E-03,+1.81250000E+00,+1.54999995E+00,+1.21250010E+00
+5.59000E-03,+1.96875000E+00,+1.48749995E+00,+1.18125010E+00
+5.60000E-03,+2.12500000E+00,+1.42499995E+00,+1.30625010E+00
+5.61000E-03,+2.31250000E+00,+1.39374995E+00,+1.46250010E+00
+5.62000E-03,+2.50000000E+00,+1.42499995E+00,+1.65000010E+00
+5.63000E-03,+2.71875000E+00,+1.51874995E+00,+1.86875010E+00
+5.64000E-03,+2.90625000E+00,+1.64374995E+00,+2.11875010E+00
+5.65000E-03,+3.06250000E+00,+1.83124995E+00,+2.36875010E+00
+5.66000E-03,+3.21875000E+00,+1.98749995E+00,+2.68125010E+00
+5.67000E-03,+3.28125000E+00,+2.20624995E+00,+2.90000010E+00
+5.68000E-03,+3.34375000E+00,+2.42499995E+00,+3.18125010E+00
+5.69000E-03,+3.28125000E+00,+2.67499995E+00,+3.36875010E+00
+5.70000E-03,+3.28125000E+00,+2.86249995E+00,+3.55625010E+00
+5.71000E-03,+3.18750000E+00,+3.08124995E+00,+3.65000010E+00
+5.72000E-03,+3.06250000E+00,+3.23749995E+00,+3.68125010E+00
+5.73000E-03,+2.90625000E+00,+3.39374995E+00,+3.68125010E+00
+5.74000E-03,+2.71875000E+00,+3.42499995E+00,+3.61875010E+00
+5.75000E-03,+2.53125000E+00,+3.45624995E+00,+3.49375010E+00
+5.76000E-03,+2.28125000E+00,+3.39374995E+00,+3.27500010E+00
+5.77000E-03,+2.09375000E+00,+3.36249995E+00,+3.05625010E+00
+5.78000E-03,+1.90625000E+00,+3.20624995E+00,+2.77500010E+00
+5.79000E-03,+1.71875000E+00,+3.08124995E+00,+2.49375010E+00
+5.80000E-03,+1.65625000E+00,+2.89374995E+00,+2.24375010E+00
+5.81000E-03,+1.56250000E+00,+2.67499995E+00,+1.96250010E+00
+5.82000E-03,+1.53125000E+00,+2.42499995E+00,+1.71250010E+00
+5.83000E-03,+1.50000000E+00,+2.20624995E+00,+1.55625010E+00
+5.84000E-03,+1.56250000E+00,+1.98749995E+00,+1.33750010E+00
+5.85000E-03,+1.68750000E+00,+1.83124995E+00,+1.24375010E+00
+5.86000E-03,+1.87500000E+00,+1.64374995E+00,+1.24375010E+00
+5.87000E-03,+2.03125000E+00,+1.54999995E+00,+1.24375010E+00
+5.88000E-03,+2.21875000E+00,+1.45624995E+00,+1.33750010E+00
+5.89000E-03,+2.50000000E+00,+1.45624995E+00,+1.46250010E+00
+5.90000E-03,+2.65625000E+00,+1.51874995E+00,+1.68125010E+00
+5.91000E-03,+2.84375000E+00,+1.54999995E+00,+1.96250010E+00
+5.92000E-03,+3.03125000E+00,+1.70624995E+00,+2.24375010E+00
+5.93000E-03,+3.18750000E+00,+1.89374995E+00,+2.52500010E+00
+5.94000E-03,+3.28125000E+00,+2.11249995E+00,+2.80625010E+00
+5.95000E-03,+3.31250000E+00,+2.33124995E+00,+3.05625010E+00
+5.96000E-03,+3.31250000E+00,+2.51874995E+00,+3.27500010E+00
+5.97000E-03,+3.31250000E+00,+2.73749995E+00,+3.46250010E+00
+5.98000E-03,+3.18750000E+00,+2.95624995E+00,+3.58750010E+00
+5.99000E-03,+3.03125000E+00,+3.17499995E+00,+3.65000010E+00
+6.00000E-03,+2.78125000E+00,+3.29999995E+00,+3.65000010E+00
+6.01000E-03,+2.62500000E+00,+3.39374995E+00,+3.58750010E+00
+6.02000E-03,+2.40625000E+00,+3.39374995E+00,+3.40000010E+00
+6.03000E-03,+2.18750000E+00,+3.39374995E+00,+3.24375010E+00
+6.04000E-03,+1.90625000E+00,+3.26874995E+00,+2.96250010E+00
+6.05000E-03,+1.75000000E+00,+3.17499995E+00,+2.74375010E+00
+6.06000E-03,+1.62500000E+00,+2.98749995E+00,+2.43125010E+00
+6.07000E-03,+1.56250000E+00,+2.79999995E+00,+2.15000010E+00
+6.08000E-03,+1.50000000E+00,+2.58124995E+00,+1.93125010E+00
+6.09000E-03,+1.50000000E+00,+2.36249995E+00,+1.61875010E+00
+6.10000E-03,+1.62500000E+00,+2.11249995E+00,+1.46250010E+00
+6.11000E-03,+1.71875000E+00,+1.98749995E+00,+1.36875010E+00
+6.12000E-03,+1.87500000E+00,+1.70624995E+00,+1.33750010E+00
+6.13000E-03,+2.09375000E+00,+1.64374995E+00,+1.30625010E+00
+6.14000E-03,+2.28125000E+00,+1.51874995E+00,+1.36875010E+00
+6.15000E-03,+2.53125000E+00,+1.51874995E+00,+1.52500010E+00
+6.16000E-03,+2.78125000E+00,+1.54999995E+00,+1.71250010E+00
+6.17000E-03,+2.96875000E+00,+1.61249995E+00,+1.96250010E+00
+6.18000E-03,+3.12500000E+00,+1.76874995E+00,+2.24375010E+00
+6.19000E-03,+3.28125000E+00,+1.95624995E+00,+2.55625010E+00
+6.20000E-03,+3.31250000E+00,+2.14374995E+00,+2.80625010E+00
+6.21000E-03,+3.31250000E+00,+2.36249995E+00,+3.05625010E+00
+6.22000E-03,+3.31250000E+00,+2.58124995E+00,+3.30625010E+00
+6.23000E-03,+3.18750000E+00,+2.79999995E+00,+3.46250010E+00
+6.24000E-03,+3.00000000E+00,+2.98749995E+00,+3.55625010E+00
+6.25000E-03,+2.81250000E+00,+3.14374995E+00,+3.58750010E+00
+6.26000E-03,+2.65625000E+00,+3.23749995E+00,+3.49375010E+00
+6.27000E-03,+2.40625000E+00,+3.33124995E+00,+3.43125010E+00
+6.28000E-03,+2.15625000E+00,+3.29999995E+00,+3.27500010E+00
+6.29000E-03,+1.93750000E+00,+3.26874995E+00,+3.02500010E+00
+6.30000E-03,+1.75000000E+00,+3.14374995E+00,+2.74375010E+00
+6.31000E-03,+1.62500000E+00,+2.98749995E+00,+2.46250010E+00
+6.32000E-03,+1.56250000E+00,+2.79999995E+00,+2.15000010E+00
+6.33000E-03,+1.53125000E+00,+2.61249995E+00,+1.90000010E+00
+6.34000E-03,+1.56250000E+00,+2.39374995E+00,+1.68125010E+00
+6.35000E-03,+1.65625000E+00,+2.17499995E+00,+1.46250010E+00
+6.36000E-03,+1.81250000E+00,+1.95624995E+00,+1.36875010E+00
+6.37000E-03,+1.96875000E+00,+1.76874995E+00,+1.36875010E+00
+6.38000E-03,+2.21875000E+00,+1.64374995E+00,+1.36875010E+00
+6.39000E-03,+2.46875000E+00,+1.58124995E+00,+1.49375010E+00
+6.40000E-03,+2.71875000E+00,+1.61249995E+00,+1.68125010E+00
+6.41000E-03,+2.90625000E+00,+1.64374995E+00,+1.83750010E+00
+6.42000E-03,+3.09375000E+00,+1.73749995E+00,+2.11875010E+00
+6.43000E-03,+3.25000000E+00,+1.89374995E+00,+2.40000010E+00
+6.44000E-03,+3.31250000E+00,+2.08124995E+00,+2.74375010E+00
+6.45000E-03,+3.31250000E+00,+2.33124995E+00,+2.96250010E+00
+6.46000E-03,+3.21875000E+00,+2.48749995E+00,+3.18125010E+00
+6.47000E-03,+3.12500000E+00,+2.73749995E+00,+3.36875010E+00
+6.48000E-03,+2.93750000E+00,+2.92499995E+00,+3.49375010E+00
+6.49000E-03,+2.78125000E+00,+3.08124995E+00,+3.46250010E+00
+6.50000E-03,+2.56250000E+00,+3.17499995E+00,+3.46250010E+00
+6.51000E-03,+2.31250000E+00,+3.26874995E+00,+3.36875010E+00
+6.52000E-03,+2.09375000E+00,+3.26874995E+00,+3.18125010E+00
+6.53000E-03,+1.84375000E+00,+3.17499995E+00,+2.93125010E+00
+6.54000E-03,+1.65625000E+00,+3.11249995E+00,+2.68125010E+00
+6.55000E-03,+1.56250000E+00,+2.92499995E+00,+2.40000010E+00
+6.56000E-03,+1.53125000E+00,+2.73749995E+00,+2.11875010E+00
+6.57000E-03,+1.50000000E+00,+2.51874995E+00,+1.83750010E+00
+6.58000E-03,+1.62500000E+00,+2.33124995E+00,+1.65000010E+00
+6.59000E-03,+1.75000000E+00,+2.11249995E+00,+1.46250010E+00
+6.60000E-03,+1.96875000E+00,+1.89374995E+00,+1.43125010E+00
+6.61000E-03,+2.18750000E+00,+1.76874995E+00,+1.43125010E+00
+6.62000E-03,+2.43750000E+00,+1.67499995E+00,+1.46250010E+00
+6.63000E-03,+2.71875000E+00,+1.64374995E+00,+1.61875010E+00
+6.64000E-03,+2.93750000E+00,+1.67499995E+00,+1.83750010E+00
+6.65000E-03,+3.09375000E+00,+1.73749995E+00,+2.08750010E+00
+6.66000E-03,+3.25000000E+00,+1.92499995E+00,+2.33750010E+00
+6.67000E-03,+3.34375000E+00,+2.04999995E+00,+2.68125010E+00
+6.68000E-03,+3.28125000E+00,+2.26874995E+00,+2.90000010E+00
+6.69000E-03,+3.25000000E+00,+2.48749995E+00,+3.15000010E+00
+6.70000E-03,+3.09375000E+00,+2.70624995E+00,+3.33750010E+00
+6.71000E-03,+2.90625000E+00,+2.89374995E+00,+3.43125010E+00
+6.72000E-03,+2.68750000E+00,+2.98749995E+00,+3.49375010E+00
+6.73000E-03,+2.40625000E+00,+3.14374995E+00,+3.43125010E+00
+6.74000E-03,+2.15625000E+00,+3.17499995E+00,+3.24375010E+00
+6.75000E-03,+1.93750000E+00,+3.17499995E+00,+3.08750010E+00
+6.76000E-03,+1.75000000E+00,+3.11249995E+00,+2.86875010E+00
+6.77000E-03,+1.59375000E+00,+3.01874995E+00,+2.55625010E+00
+6.78000E-03,+1.53125000E+00,+2.83124995E+00,+2.30625010E+00
+6.79000E-03,+1.53125000E+00,+2.64374995E+00,+2.02500010E+00
+6.80000E-03,+1.59375000E+00,+2.45624995E+00,+1.77500010E+00
+6.81000E-03,+1.75000000E+00,+2.20624995E+00,+1.58750010E+00
+6.82000E-03,+1.90625000E+00,+2.04999995E+00,+1.52500010E+00
+6.83000E-03,+2.15625000E+00,+1.89374995E+00,+1.46250010E+00
+6.84000E-03,+2.40625000E+00,+1.76874995E+00,+1.49375010E+00
+6.85000E-03,+2.71875000E+00,+1.70624995E+00,+1.65000010E+00
+6.86000E-03,+2.93750000E+00,+1.70624995E+00,+1.83750010E+00
+6.87000E-03,+3.12500000E+00,+1.79999995E+00,+2.08750010E+00
+6.88000E-03,+3.28125000E+00,+1.92499995E+00,+2.33750010E+00
+6.89000E-03,+3.31250000E+00,+2.08124995E+00,+2.61875010E+00
+6.90000E-03,+3.28125000E+00,+2.23749995E+00,+2.90000010E+00
+6.91000E-03,+3.25000000E+00,+2.45624995E+00,+3.08750010E+00
+6.92000E-03,+3.06250000E+00,+2.64374995E+00,+3.27500010E+00
+6.93000E-03,+2.84375000E+00,+2.83124995E+00,+3.36875010E+00
+6.94000E-03,+2.59375000E+00,+2.98749995E+00,+3.36875010E+00
+6.95000E-03,+2.37500000E+00,+3.08124995E+00,+3.30625010E+00
+6.96000E-03,+2.06250000E+00,+3.14374995E+00,+3.15000010E+00
+6.97000E-03,+1.87500000E+00,+3.11249995E+00,+2.99375010E+00
+6.98000E-03,+1.65625000E+00,+3.01874995E+00,+2.71250010E+00
+6.99000E-03,+1.56250000E+00,+2.89374995E+00,+2.46250010E+00
+7.00000E-03,+1.50000000E+00,+2.76874995E+00,+2.18125010E+00
+7.01000E-03,+1.56250000E+00,+2.58124995E+00,+1.93125010E+00
+7.02000E-03,+1.68750000E+00,+2.33124995E+00,+1.74375010E+00
+7.03000E-03,+1.90625000E+00,+2.14374995E+00,+1.58750010E+00
+7.04000E-03,+2.12500000E+00,+1.98749995E+00,+1.55625010E+00
+7.05000E-03,+2.40625000E+00,+1.86249995E+00,+1.55625010E+00
+7.06000E-03,+2.62500000E+00,+1.79999995E+00,+1.71250010E+00
+7.07000E-03,+2.90625000E+00,+1.79999995E+00,+1.80625010E+00
+7.08000E-03,+3.09375000E+00,+1.79999995E+00,+2.05625010E+00
+7.09000E-03,+3.25000000E+00,+1.92499995E+00,+2.30625010E+00
+7.10000E-03,+3.31250000E+00,+2.08124995E+00,+2.61875010E+00
+7.11000E-03,+3.28125000E+00,+2.23749995E+00,+2.80625010E+00
+7.12000E-03,+3.21875000E+00,+2.45624995E+00,+3.05625010E+00
+7.13000E-03,+3.03125000E+00,+2.64374995E+00,+3.24375010E+00
+7.14000E-03,+2.81250000E+00,+2.76874995E+00,+3.33750010E+00
+7.15000E-03,+2.50000000E+00,+2.95624995E+00,+3.30625010E+00
+7.16000E-03,+2.25000000E+00,+3.01874995E+00,+3.24375010E+00
+7.17000E-03,+1.96875000E+00,+3.08124995E+00,+3.11875010E+00
+7.18000E-03,+1.78125000E+00,+3.04999995E+00,+2.86875010E+00
+7.19000E-03,+1.62500000E+00,+2.95624995E+00,+2.65000010E+00
+7.20000E-03,+1.50000000E+00,+2.83124995E+00,+2.36875010E+00
+7.21000E-03,+1.53125000E+00,+2.67499995E+00,+2.08750010E+00
+7.22000E-03,+1.62500000E+00,+2.45624995E+00,+1.90000010E+00
+7.23000E-03,+1.78125000E+00,+2.26874995E+00,+1.71250010E+00
+7.24000E-03,+2.00000000E+00,+2.08124995E+00,+1.61875010E+00
+7.25000E-03,+2.28125000E+00,+1.95624995E+00,+1.55625010E+00
+7.26000E-03,+2.56250000E+00,+1.86249995E+00,+1.61875010E+00
+7.27000E-03,+2.84375000E+00,+1.83124995E+00,+1.74375010E+00
+7.28000E-03,+3.06250000E+00,+1.83124995E+00,+2.02500010E+00
+7.29000E-03,+3.21875000E+00,+1.92499995E+00,+2.21250010E+00
+7.30000E-03,+3.28125000E+00,+1.98749995E+00,+2.49375010E+00
+7.31000E-03,+3.31250000E+00,+2.17499995E+00,+2.74375010E+00
+7.32000E-03,+3.18750000E+00,+2.39374995E+00,+2.96250010E+00
+7.33000E-03,+3.06250000E+00,+2.54999995E+00,+3.18125010E+00
+7.34000E-03,+2.81250000E+00,+2.76874995E+00,+3.27500010E+00
+7.35000E-03,+2.53125000E+00,+2.89374995E+00,+3.27500010E+00
+7.36000E-03,+2.21875000E+00,+2.98749995E+00,+3.21250010E+00
+7.37000E-03,+1.96875000E+00,+3.04999995E+00,+3.11875010E+00
+7.38000E-03,+1.75000000E+00,+3.01874995E+00,+2.86875010E+00
+7.39000E-03,+1.59375000E+00,+2.92499995E+00,+2.61875010E+00
+7.40000E-03,+1.50000000E+00,+2.83124995E+00,+2.33750010E+00
+7.41000E-03,+1.53125000E+00,+2.64374995E+00,+2.08750010E+00
+7.42000E-03,+1.65625000E+00,+2.48749995E+00,+1.86875010E+00
+7.43000E-03,+1.81250000E+00,+2.26874995E+00,+1.71250010E+00
+7.44000E-03,+2.09375000E+00,+2.11249995E+00,+1.68125010E+00
+7.45000E-03,+2.37500000E+00,+1.95624995E+00,+1.61875010E+00
+7.46000E-03,+2.71875000E+00,+1.92499995E+00,+1.71250010E+00
+7.47000E-03,+2.96875000E+00,+1.86249995E+00,+1.86875010E+00
+7.48000E-03,+3.18750000E+00,+1.92499995E+00,+2.08750010E+00
+7.49000E-03,+3.28125000E+00,+1.98749995E+00,+2.36875010E+00
+7.50000E-03,+3.31250000E+00,+2.11249995E+00,+2.58750010E+00
+7.51000E-03,+3.21875000E+00,+2.26874995E+00,+2.83750010E+00
+7.52000E-03,+3.09375000E+00,+2.48749995E+00,+3.05625010E+00
+7.53000E-03,+2.87500000E+00,+2.64374995E+00,+3.18125010E+00
+7.54000E-03,+2.62500000E+00,+2.79999995E+00,+3.24375010E+00
+7.55000E-03,+2.34375000E+00,+2.89374995E+00,+3.18125010E+00
+7.56000E-03,+2.00000000E+00,+2.98749995E+00,+3.08750010E+00
+7.57000E-03,+1.81250000E+00,+2.98749995E+00,+2.90000010E+00
+7.58000E-03,+1.62500000E+00,+2.92499995E+00,+2.71250010E+00
+7.59000E-03,+1.56250000E+00,+2.83124995E+00,+2.46250010E+00
+7.60000E-03,+1.53125000E+00,+2.67499995E+00,+2.15000010E+00
+7.61000E-03,+1.65625000E+00,+2.48749995E+00,+1.93125010E+00
+7.62000E-03,+1.87500000E+00,+2.33124995E+00,+1.74375010E+00
+7.63000E-03,+2.09375000E+00,+2.17499995E+00,+1.68125010E+00
+7.64000E-03,+2.40625000E+00,+2.04999995E+00,+1.68125010E+00
+7.65000E-03,+2.71875000E+00,+1.92499995E+00,+1.77500010E+00
+7.66000E-03,+2.93750000E+00,+1.89374995E+00,+1.90000010E+00
+7.67000E-03,+3.15625000E+00,+1.92499995E+00,+2.11875010E+00
+7.68000E-03,+3.31250000E+00,+2.01874995E+00,+2.36875010E+00
+7.69000E-03,+3.28125000E+00,+2.14374995E+00,+2.61875010E+00
+7.70000E-03,+3.18750000E+00,+2.33124995E+00,+2.83750010E+00
+7.71000E-03,+3.06250000E+00,+2.45624995E+00,+3.05625010E+00
+7.72000E-03,+2.81250000E+00,+2.64374995E+00,+3.15000010E+00
+7.73000E-03,+2.53125000E+00,+2.79999995E+00,+3.18125010E+00
+7.74000E-03,+2.21875000E+00,+2.89374995E+00,+3.11875010E+00
+7.75000E-03,+1.93750000E+00,+2.95624995E+00,+3.02500010E+00
+7.76000E-03,+1.71875000E+00,+2.92499995E+00,+2.83750010E+00
+7.77000E-03,+1.56250000E+00,+2.86249995E+00,+2.58750010E+00
+7.78000E-03,+1.53125000E+00,+2.73749995E+00,+2.33750010E+00
+7.79000E-03,+1.56250000E+00,+2.58124995E+00,+2.08750010E+00
+7.80000E-03,+1.75000000E+00,+2.42499995E+00,+1.86875010E+00
+7.81000E-03,+1.96875000E+00,+2.23749995E+00,+1.77500010E+00
+7.82000E-03,+2.25000000E+00,+2.11249995E+00,+1.71250010E+00
+7.83000E-03,+2.56250000E+00,+2.01874995E+00,+1.74375010E+00
+7.84000E-03,+2.90625000E+00,+1.95624995E+00,+1.83750010E+00
+7.85000E-03,+3.06250000E+00,+1.92499995E+00,+2.02500010E+00
+7.86000E-03,+3.21875000E+00,+2.01874995E+00,+2.24375010E+00
+7.87000E-03,+3.34375000E+00,+2.11249995E+00,+2.55625010E+00
+7.88000E-03,+3.25000000E+00,+2.26874995E+00,+2.77500010E+00
+7.89000E-03,+3.12500000E+00,+2.42499995E+00,+2.93125010E+00
+7.90000E-03,+2.84375000E+00,+2.58124995E+00,+3.11875010E+00
+7.91000E-03,+2.56250000E+00,+2.76874995E+00,+3.15000010E+00
+7.92000E-03,+2.25000000E+00,+2.83124995E+00,+3.11875010E+00
+7.93000E-03,+1.93750000E+00,+2.89374995E+00,+3.02500010E+00
+7.94000E-03,+1.68750000E+00,+2.89374995E+00,+2.83750010E+00
+7.95000E-03,+1.56250000E+00,+2.83124995E+00,+2.55625010E+00
+7.96000E-03,+1.53125000E+00,+2.73749995E+00,+2.33750010E+00
+7.97000E-03,+1.56250000E+00,+2.64374995E+00,+2.08750010E+00
+7.98000E-03,+1.75000000E+00,+2.42499995E+00,+1.93125010E+00
+7.99000E-03,+2.03125000E+00,+2.26874995E+00,+1.80625010E+00
+8.00000E-03,+2.34375000E+00,+2.11249995E+00,+1.77500010E+00
+8.01000E-03,+2.65625000E+00,+2.01874995E+00,+1.77500010E+00
+8.02000E-03,+2.93750000E+00,+1.95624995E+00,+1.90000010E+00
+8.03000E-03,+3.12500000E+00,+1.98749995E+00,+2.11875010E+00
+8.04000E-03,+3.28125000E+00,+2.04999995E+00,+2.33750010E+00
+8.05000E-03,+3.31250000E+00,+2.14374995E+00,+2.58750010E+00
+8.06000E-03,+3.21875000E+00,+2.29999995E+00,+2.80625010E+00
+8.07000E-03,+3.00000000E+00,+2.45624995E+00,+2.99375010E+00
+8.08000E-03,+2.78125000E+00,+2.61249995E+00,+3.08750010E+00
+8.09000E-03,+2.43750000E+00,+2.70624995E+00,+3.15000010E+00
+8.10000E-03,+2.12500000E+00,+2.86249995E+00,+3.05625010E+00
+8.11000E-03,+1.84375000E+00,+2.89374995E+00,+2.93125010E+00
+8.12000E-03,+1.62500000E+00,+2.86249995E+00,+2.68125010E+00
+8.13000E-03,+1.53125000E+00,+2.83124995E+00,+2.46250010E+00
+8.14000E-03,+1.50000000E+00,+2.67499995E+00,+2.24375010E+00
+8.15000E-03,+1.65625000E+00,+2.51874995E+00,+2.02500010E+00
+8.16000E-03,+1.93750000E+00,+2.33124995E+00,+1.86875010E+00
+8.17000E-03,+2.21875000E+00,+2.17499995E+00,+1.77500010E+00
+8.18000E-03,+2.53125000E+00,+2.08124995E+00,+1.80625010E+00
+8.19000E-03,+2.78125000E+00,+2.01874995E+00,+1.86875010E+00
+8.20000E-03,+3.09375000E+00,+2.01874995E+00,+2.05625010E+00
+8.21000E-03,+3.28125000E+00,+2.01874995E+00,+2.24375010E+00
+8.22000E-03,+3.34375000E+00,+2.11249995E+00,+2.52500010E+00
+8.23000E-03,+3.21875000E+00,+2.26874995E+00,+2.77500010E+00
+8.24000E-03,+3.06250000E+00,+2.42499995E+00,+2.96250010E+00
+8.25000E-03,+2.78125000E+00,+2.61249995E+00,+3.05625010E+00
+8.26000E-03,+2.50000000E+00,+2.70624995E+00,+3.11875010E+00
+8.27000E-03,+2.15625000E+00,+2.83124995E+00,+3.02500010E+00
+8.28000E-03,+1.87500000E+00,+2.86249995E+00,+2.90000010E+00
+8.29000E-03,+1.68750000E+00,+2.83124995E+00,+2.74375010E+00
+8.30000E-03,+1.53125000E+00,+2.76874995E+00,+2.52500010E+00
+8.31000E-03,+1.53125000E+00,+2.67499995E+00,+2.27500010E+00
+8.32000E-03,+1.68750000E+00,+2.51874995E+00,+2.08750010E+00
+8.33000E-03,+1.90625000E+00,+2.36249995E+00,+1.90000010E+00
+8.34000E-03,+2.21875000E+00,+2.20624995E+00,+1.77500010E+00
+8.35000E-03,+2.56250000E+00,+2.11249995E+00,+1.83750010E+00
+8.36000E-03,+2.87500000E+00,+2.01874995E+00,+1.90000010E+00
+8.37000E-03,+3.12500000E+00,+2.01874995E+00,+2.08750010E+00
+8.38000E-03,+3.25000000E+00,+2.04999995E+00,+2.27500010E+00
+8.39000E-03,+3.34375000E+00,+2.14374995E+00,+2.52500010E+00
+8.40000E-03,+3.21875000E+00,+2.29999995E+00,+2.74375010E+00
+8.41000E-03,+3.00000000E+00,+2.42499995E+00,+2.93125010E+00
+8.42000E-03,+2.75000000E+00,+2.61249995E+00,+2.96250010E+00
+8.43000E-03,+2.37500000E+00,+2.70624995E+00,+3.05625010E+00
+8.44000E-03,+2.03125000E+00,+2.79999995E+00,+2.99375010E+00
+8.45000E-03,+1.78125000E+00,+2.86249995E+00,+2.83750010E+00
+8.46000E-03,+1.59375000E+00,+2.79999995E+00,+2.65000010E+00
+8.47000E-03,+1.50000000E+00,+2.76874995E+00,+2.43125010E+00
+8.48000E-03,+1.59375000E+00,+2.54999995E+00,+2.24375010E+00
+8.49000E-03,+1.75000000E+00,+2.48749995E+00,+2.02500010E+00
+8.50000E-03,+2.06250000E+00,+2.29999995E+00,+1.86875010E+00
+8.51000E-03,+2.40625000E+00,+2.14374995E+00,+1.83750010E+00
+8.52000E-03,+2.71875000E+00,+2.11249995E+00,+1.90000010E+00
+8.53000E-03,+3.03125000E+00,+2.04999995E+00,+1.99375010E+00
+8.54000E-03,+3.18750000E+00,+2.01874995E+00,+2.18125010E+00
+8.55000E-03,+3.31250000E+00,+2.11249995E+00,+2.40000010E+00
+8.56000E-03,+3.28125000E+00,+2.26874995E+00,+2.65000010E+00
+8.57000E-03,+3.09375000E+00,+2.42499995E+00,+2.83750010E+00
+8.58000E-03,+2.84375000E+00,+2.51874995E+00,+2.99375010E+00
+8.59000E-03,+2.53125000E+00,+2.67499995E+00,+3.05625010E+00
+8.60000E-03,+2.12500000E+00,+2.79999995E+00,+2.96250010E+00
+8.61000E-03,+1.81250000E+00,+2.79999995E+00,+2.86875010E+00
+8.62000E-03,+1.62500000E+00,+2.83124995E+00,+2.68125010E+00
+8.63000E-03,+1.53125000E+00,+2.73749995E+00,+2.46250010E+00
+8.64000E-03,+1.56250000E+00,+2.64374995E+00,+2.24375010E+00
+8.65000E-03,+1.71875000E+00,+2.48749995E+00,+2.05625010E+00
+8.66000E-03,+2.03125000E+00,+2.33124995E+00,+1.93125010E+00
+8.67000E-03,+2.37500000E+00,+2.17499995E+00,+1.83750010E+00
+8.68000E-03,+2.71875000E+00,+2.11249995E+00,+1.90000010E+00
+8.69000E-03,+3.00000000E+00,+2.08124995E+00,+2.02500010E+00
+8.70000E-03,+3.21875000E+00,+2.04999995E+00,+2.18125010E+00
+8.71000E-03,+3.34375000E+00,+2.14374995E+00,+2.40000010E+00
+8.72000E-03,+3.21875000E+00,+2.20624995E+00,+2.68125010E+00
+8.73000E-03,+3.09375000E+00,+2.33124995E+00,+2.86875010E+00
+8.74000E-03,+2.81250000E+00,+2.51874995E+00,+2.99375010E+00
+8.75000E-03,+2.46875000E+00,+2.67499995E+00,+3.05625010E+00
+8.76000E-03,+2.09375000E+00,+2.79999995E+00,+2.99375010E+00
+8.77000E-03,+1.78125000E+00,+2.79999995E+00,+2.83750010E+00
+8.78000E-03,+1.59375000E+00,+2.76874995E+00,+2.65000010E+00
+8.79000E-03,+1.53125000E+00,+2.73749995E+00,+2.43125010E+00
+8.80000E-03,+1.56250000E+00,+2.58124995E+00,+2.24375010E+00
+8.81000E-03,+1.75000000E+00,+2.48749995E+00,+2.05625010E+00
+8.82000E-03,+2.09375000E+00,+2.33124995E+00,+1.90000010E+00
+8.83000E-03,+2.43750000E+00,+2.20624995E+00,+1.86875010E+00
+8.84000E-03,+2.78125000E+00,+2.14374995E+00,+1.90000010E+00
+8.85000E-03,+3.09375000E+00,+2.08124995E+00,+2.08750010E+00
+8.86000E-03,+3.25000000E+00,+2.08124995E+00,+2.27500010E+00
+8.87000E-03,+3.28125000E+00,+2.17499995E+00,+2.52500010E+00
+8.88000E-03,+3.18750000E+00,+2.26874995E+00,+2.68125010E+00
+8.89000E-03,+3.00000000E+00,+2.42499995E+00,+2.93125010E+00
+8.90000E-03,+2.62500000E+00,+2.58124995E+00,+2.99375010E+00
+8.91000E-03,+2.34375000E+00,+2.70624995E+00,+2.99375010E+00
+8.92000E-03,+1.96875000E+00,+2.73749995E+00,+2.90000010E+00
+8.93000E-03,+1.68750000E+00,+2.79999995E+00,+2.80625010E+00
+8.94000E-03,+1.53125000E+00,+2.73749995E+00,+2.55625010E+00
+8.95000E-03,+1.53125000E+00,+2.64374995E+00,+2.30625010E+00
+8.96000E-03,+1.68750000E+00,+2.51874995E+00,+2.11875010E+00
+8.97000E-03,+1.93750000E+00,+2.39374995E+00,+1.99375010E+00
+8.98000E-03,+2.31250000E+00,+2.26874995E+00,+1.90000010E+00
+8.99000E-03,+2.68750000E+00,+2.14374995E+00,+1.93125010E+00
+9.00000E-03,+3.03125000E+00,+2.08124995E+00,+2.02500010E+00
+9.01000E-03,+3.18750000E+00,+2.11249995E+00,+2.21250010E+00
+9.02000E-03,+3.31250000E+00,+2.14374995E+00,+2.43125010E+00
+9.03000E-03,+3.28125000E+00,+2.26874995E+00,+2.65000010E+00
+9.04000E-03,+3.03125000E+00,+2.36249995E+00,+2.83750010E+00
+9.05000E-03,+2.75000000E+00,+2.48749995E+00,+2.96250010E+00
+9.06000E-03,+2.37500000E+00,+2.64374995E+00,+2.99375010E+00
+9.07000E-03,+2.03125000E+00,+2.73749995E+00,+2.96250010E+00
+9.08000E-03,+1.71875000E+00,+2.73749995E+00,+2.77500010E+00
+9.09000E-03,+1.56250000E+00,+2.73749995E+00,+2.58750010E+00
+9.10000E-03,+1.50000000E+00,+2.67499995E+00,+2.33750010E+00
+9.11000E-03,+1.68750000E+00,+2.54999995E+00,+2.18125010E+00
+9.12000E-03,+1.90625000E+00,+2.39374995E+00,+1.99375010E+00
+9.13000E-03,+2.28125000E+00,+2.29999995E+00,+1.90000010E+00
+9.14000E-03,+2.65625000E+00,+2.17499995E+00,+1.93125010E+00
+9.15000E-03,+3.00000000E+00,+2.11249995E+00,+2.02500010E+00
+9.16000E-03,+3.21875000E+00,+2.11249995E+00,+2.21250010E+00
+9.17000E-03,+3.34375000E+00,+2.20624995E+00,+2.43125010E+00
+9.18000E-03,+3.28125000E+00,+2.23749995E+00,+2.61875010E+00
+9.19000E-03,+3.03125000E+00,+2.45624995E+00,+2.80625010E+00
+9.20000E-03,+2.75000000E+00,+2.51874995E+00,+2.93125010E+00
+9.21000E-03,+2.37500000E+00,+2.64374995E+00,+2.93125010E+00
+9.22000E-03,+2.00000000E+00,+2.70624995E+00,+2.90000010E+00
+9.23000E-03,+1.71875000E+00,+2.73749995E+00,+2.74375010E+00
+9.24000E-03,+1.53125000E+00,+2.73749995E+00,+2.55625010E+00
+9.25000E-03,+1.56250000E+00,+2.64374995E+00,+2.33750010E+00
+9.26000E-03,+1.71875000E+00,+2.51874995E+00,+2.11875010E+00
+9.27000E-03,+1.93750000E+00,+2.39374995E+00,+1.99375010E+00
+9.28000E-03,+2.37500000E+00,+2.26874995E+00,+1.96250010E+00
+9.29000E-03,+2.75000000E+00,+2.17499995E+00,+1.96250010E+00
+9.30000E-03,+3.03125000E+00,+2.17499995E+00,+2.05625010E+00
+9.31000E-03,+3.25000000E+00,+2.14374995E+00,+2.24375010E+00
+9.32000E-03,+3.31250000E+00,+2.20624995E+00,+2.49375010E+00
+9.33000E-03,+3.18750000E+00,+2.33124995E+00,+2.68125010E+00
+9.34000E-03,+2.93750000E+00,+2.42499995E+00,+2.83750010E+00
+9.35000E-03,+2.59375000E+00,+2.54999995E+00,+2.93125010E+00
+9.36000E-03,+2.18750000E+00,+2.64374995E+00,+2.93125010E+00
+9.37000E-03,+1.87500000E+00,+2.70624995E+00,+2.83750010E+00
+9.38000E-03,+1.65625000E+00,+2.70624995E+00,+2.68125010E+00
+9.39000E-03,+1.46875000E+00,+2.70624995E+00,+2.46250010E+00
+9.40000E-03,+1.62500000E+00,+2.61249995E+00,+2.27500010E+00
+9.41000E-03,+1.81250000E+00,+2.48749995E+00,+2.08750010E+00
+9.42000E-03,+2.12500000E+00,+2.33124995E+00,+1.96250010E+00
+9.43000E-03,+2.56250000E+00,+2.23749995E+00,+1.96250010E+00
+9.44000E-03,+2.93750000E+00,+2.17499995E+00,+2.02500010E+00
+9.45000E-03,+3.18750000E+00,+2.14374995E+00,+2.18125010E+00
+9.46000E-03,+3.28125000E+00,+2.20624995E+00,+2.33750010E+00
+9.47000E-03,+3.21875000E+00,+2.26874995E+00,+2.61875010E+00
+9.48000E-03,+3.06250000E+00,+2.36249995E+00,+2.77500010E+00
+9.49000E-03,+2.75000000E+00,+2.48749995E+00,+2.90000010E+00
+9.50000E-03,+2.34375000E+00,+2.61249995E+00,+2.93125010E+00
+9.51000E-03,+1.96875000E+00,+2.70624995E+00,+2.90000010E+00
+9.52000E-03,+1.65625000E+00,+2.70624995E+00,+2.74375010E+00
+9.53000E-03,+1.46875000E+00,+2.70624995E+00,+2.52500010E+00
+9.54000E-03,+1.53125000E+00,+2.61249995E+00,+2.30625010E+00
+9.55000E-03,+1.71875000E+00,+2.54999995E+00,+2.15000010E+00
+9.56000E-03,+2.03125000E+00,+2.36249995E+00,+2.02500010E+00
+9.57000E-03,+2.46875000E+00,+2.29999995E+00,+1.96250010E+00
+9.58000E-03,+2.84375000E+00,+2.17499995E+00,+2.02500010E+00
+9.59000E-03,+3.15625000E+00,+2.14374995E+00,+2.15000010E+00
+9.60000E-03,+3.28125000E+00,+2.17499995E+00,+2.36875010E+00
+9.61000E-03,+3.28125000E+00,+2.23749995E+00,+2.55625010E+00
+9.62000E-03,+3.09375000E+00,+2.36249995E+00,+2.77500010E+00
+9.63000E-03,+2.81250000E+00,+2.48749995E+00,+2.86875010E+00
+9.64000E-03,+2.40625000E+00,+2.61249995E+00,+2.93125010E+00
+9.65000E-03,+2.03125000E+00,+2.67499995E+00,+2.86875010E+00
+9.66000E-03,+1.68750000E+00,+2.73749995E+00,+2.80625010E+00
+9.67000E-03,+1.53125000E+00,+2.70624995E+00,+2.55625010E+00
+9.68000E-03,+1.53125000E+00,+2.61249995E+00,+2.33750010E+00
+9.69000E-03,+1.75000000E+00,+2.54999995E+00,+2.15000010E+00
+9.70000E-03,+2.06250000E+00,+2.39374995E+00,+2.02500010E+00
+9.71000E-03,+2.50000000E+00,+2.29999995E+00,+1.96250010E+00
+9.72000E-03,+2.84375000E+00,+2.20624995E+00,+2.02500010E+00
+9.73000E-03,+3.12500000E+00,+2.14374995E+00,+2.18125010E+00
+9.74000E-03,+3.34375000E+00,+2.17499995E+00,+2.36875010E+00
+9.75000E-03,+3.28125000E+00,+2.26874995E+00,+2.55625010E+00
+9.76000E-03,+3.06250000E+00,+2.33124995E+00,+2.74375010E+00
+9.77000E-03,+2.71875000E+00,+2.48749995E+00,+2.86875010E+00
+9.78000E-03,+2.34375000E+00,+2.61249995E+00,+2.93125010E+00
+9.79000E-03,+2.00000000E+00,+2.67499995E+00,+2.83750010E+00
+9.80000E-03,+1.65625000E+00,+2.70624995E+00,+2.71250010E+00
+9.81000E-03,+1.46875000E+00,+2.67499995E+00,+2.52500010E+00
+9.82000E-03,+1.56250000E+00,+2.58124995E+00,+2.27500010E+00
+9.83000E-03,+1.81250000E+00,+2.48749995E+00,+2.08750010E+00
+9.84000E-03,+2.15625000E+00,+2.39374995E+00,+2.02500010E+00
+9.85000E-03,+2.56250000E+00,+2.26874995E+00,+1.99375010E+00
+9.86000E-03,+2.90625000E+00,+2.17499995E+00,+2.02500010E+00
+9.87000E-03,+3.18750000E+00,+2.17499995E+00,+2.21250010E+00
+9.88000E-03,+3.28125000E+00,+2.20624995E+00,+2.43125010E+00
+9.89000E-03,+3.21875000E+00,+2.29999995E+00,+2.61875010E+00
+9.90000E-03,+2.93750000E+00,+2.42499995E+00,+2.80625010E+00
+9.91000E-03,+2.56250000E+00,+2.54999995E+00,+2.90000010E+00
+9.92000E-03,+2.18750000E+00,+2.64374995E+00,+2.86875010E+00
+9.93000E-03,+1.81250000E+00,+2.67499995E+00,+2.80625010E+00
+9.94000E-03,+1.59375000E+00,+2.70624995E+00,+2.61875010E+00
+9.95000E-03,+1.50000000E+00,+2.64374995E+00,+2.43125010E+00
+9.96000E-03,+1.65625000E+00,+2.54999995E+00,+2.21250010E+00
+9.97000E-03,+2.00000000E+00,+2.42499995E+00,+2.05625010E+00
+9.98000E-03,+2.34375000E+00,+2.29999995E+00,+1.99375010E+00
+9.99000E-03,+2.75000000E+00,+2.23749995E+00,+2.02500010E+00
+10.00000E-03,+3.09375000E+00,+2.20624995E+00,+2.15000010E+00
+10.01000E-03,+3.31250000E+00,+2.20624995E+00,+2.33750010E+00
+10.02000E-03,+3.31250000E+00,+2.23749995E+00,+2.52500010E+00
+10.03000E-03,+3.12500000E+00,+2.33124995E+00,+2.68125010E+00
+10.04000E-03,+2.75000000E+00,+2.48749995E+00,+2.86875010E+00
+10.05000E-03,+2.34375000E+00,+2.58124995E+00,+2.86875010E+00
+10.06000E-03,+1.96875000E+00,+2.61249995E+00,+2.83750010E+00
+10.07000E-03,+1.65625000E+00,+2.70624995E+00,+2.68125010E+00
+10.08000E-03,+1.53125000E+00,+2.67499995E+00,+2.49375010E+00
+10.09000E-03,+1.56250000E+00,+2.58124995E+00,+2.30625010E+00
+10.10000E-03,+1.84375000E+00,+2.45624995E+00,+2.08750010E+00
+10.11000E-03,+2.25000000E+00,+2.36249995E+00,+2.02500010E+00
+10.12000E-03,+2.65625000E+00,+2.23749995E+00,+1.99375010E+00
+10.13000E-03,+3.03125000E+00,+2.20624995E+00,+2.08750010E+00
+10.14000E-03,+3.25000000E+00,+2.20624995E+00,+2.27500010E+00
+10.15000E-03,+3.34375000E+00,+2.23749995E+00,+2.46250010E+00
+10.16000E-03,+3.15625000E+00,+2.36249995E+00,+2.68125010E+00
+10.17000E-03,+2.81250000E+00,+2.48749995E+00,+2.80625010E+00
+10.18000E-03,+2.40625000E+00,+2.58124995E+00,+2.90000010E+00
+10.19000E-03,+2.03125000E+00,+2.64374995E+00,+2.83750010E+00
+10.20000E-03,+1.68750000E+00,+2.67499995E+00,+2.71250010E+00
+10.21000E-03,+1.53125000E+00,+2.64374995E+00,+2.55625010E+00
+10.22000E-03,+1.59375000E+00,+2.58124995E+00,+2.30625010E+00
+10.23000E-03,+1.84375000E+00,+2.48749995E+00,+2.08750010E+00
+10.24000E-03,+2.18750000E+00,+2.36249995E+00,+2.02500010E+00
+10.25000E-03,+2.62500000E+00,+2.26874995E+00,+1.99375010E+00
+10.26000E-03,+3.00000000E+00,+2.20624995E+00,+2.08750010E+00
+10.27000E-03,+3.28125000E+00,+2.17499995E+00,+2.27500010E+00
+10.28000E-03,+3.31250000E+00,+2.23749995E+00,+2.46250010E+00
+10.29000E-03,+3.18750000E+00,+2.36249995E+00,+2.68125010E+00
+10.30000E-03,+2.87500000E+00,+2.42499995E+00,+2.83750010E+00
+10.31000E-03,+2.43750000E+00,+2.54999995E+00,+2.86875010E+00
+10.32000E-03,+2.00000000E+00,+2.64374995E+00,+2.80625010E+00
+10.33000E-03,+1.68750000E+00,+2.67499995E+00,+2.71250010E+00
+10.34000E-03,+1.50000000E+00,+2.64374995E+00,+2.49375010E+00
+10.35000E-03,+1.56250000E+00,+2.58124995E+00,+2.30625010E+00
+10.36000E-03,+1.84375000E+00,+2.48749995E+00,+2.15000010E+00
+10.37000E-03,+2.21875000E+00,+2.36249995E+00,+2.02500010E+00
+10.38000E-03,+2.65625000E+00,+2.26874995E+00,+2.05625010E+00
+10.39000E-03,+3.06250000E+00,+2.17499995E+00,+2.11875010E+00
+10.40000E-03,+3.28125000E+00,+2.17499995E+00,+2.27500010E+00
+10.41000E-03,+3.28125000E+00,+2.26874995E+00,+2.52500010E+00
+10.42000E-03,+3.09375000E+00,+2.39374995E+00,+2.71250010E+00
+10.43000E-03,+2.75000000E+00,+2.45624995E+00,+2.80625010E+00
+10.44000E-03,+2.31250000E+00,+2.58124995E+00,+2.86875010E+00
+10.45000E-03,+1.90625000E+00,+2.64374995E+00,+2.80625010E+00
+10.46000E-03,+1.65625000E+00,+2.67499995E+00,+2.65000010E+00
+10.47000E-03,+1.53125000E+00,+2.64374995E+00,+2.46250010E+00
+10.48000E-03,+1.59375000E+00,+2.54999995E+00,+2.24375010E+00
+10.49000E-03,+1.93750000E+00,+2.42499995E+00,+2.11875010E+00
+10.50000E-03,+2.37500000E+00,+2.36249995E+00,+2.02500010E+00
+10.51000E-03,+2.78125000E+00,+2.26874995E+00,+2.05625010E+00
+10.52000E-03,+3.18750000E+00,+2.20624995E+00,+2.15000010E+00
+10.53000E-03,+3.34375000E+00,+2.23749995E+00,+2.36875010E+00
+10.54000E-03,+3.25000000E+00,+2.26874995E+00,+2.55625010E+00
+10.55000E-03,+3.00000000E+00,+2.39374995E+00,+2.71250010E+00
+10.56000E-03,+2.59375000E+00,+2.51874995E+00,+2.86875010E+00
+10.57000E-03,+2.12500000E+00,+2.58124995E+00,+2.86875010E+00
+10.58000E-03,+1.81250000E+00,+2.64374995E+00,+2.77500010E+00
+10.59000E-03,+1.59375000E+00,+2.64374995E+00,+2.55625010E+00
+10.60000E-03,+1.53125000E+00,+2.54999995E+00,+2.40000010E+00
+10.61000E-03,+1.75000000E+00,+2.48749995E+00,+2.21250010E+00
+10.62000E-03,+2.12500000E+00,+2.39374995E+00,+2.05625010E+00
+10.63000E-03,+2.56250000E+00,+2.26874995E+00,+2.02500010E+00
+10.64000E-03,+3.00000000E+00,+2.23749995E+00,+2.11875010E+00
+10.65000E-03,+3.25000000E+00,+2.26874995E+00,+2.27500010E+00
+10.66000E-03,+3.28125000E+00,+2.23749995E+00,+2.49375010E+00
+10.67000E-03,+3.15625000E+00,+2.36249995E+00,+2.68125010E+00
+10.68000E-03,+2.81250000E+00,+2.42499995E+00,+2.80625010E+00
+10.69000E-03,+2.34375000E+00,+2.54999995E+00,+2.83750010E+00
+10.70000E-03,+1.93750000E+00,+2.64374995E+00,+2.80625010E+00
+10.71000E-03,+1.62500000E+00,+2.64374995E+00,+2.65000010E+00
+10.72000E-03,+1.46875000E+00,+2.61249995E+00,+2.46250010E+00
+10.73000E-03,+1.62500000E+00,+2.58124995E+00,+2.27500010E+00
+10.74000E-03,+2.00000000E+00,+2.42499995E+00,+2.11875010E+00
+10.75000E-03,+2.40625000E+00,+2.29999995E+00,+2.02500010E+00
+10.76000E-03,+2.87500000E+00,+2.26874995E+00,+2.08750010E+00
+10.77000E-03,+3.15625000E+00,+2.20624995E+00,+2.24375010E+00
+10.78000E-03,+3.37500000E+00,+2.23749995E+00,+2.43125010E+00
+10.79000E-03,+3.25000000E+00,+2.33124995E+00,+2.61875010E+00
+10.80000E-03,+2.87500000E+00,+2.42499995E+00,+2.74375010E+00
+10.81000E-03,+2.50000000E+00,+2.51874995E+00,+2.80625010E+00
+10.82000E-03,+2.00000000E+00,+2.61249995E+00,+2.77500010E+00
+10.83000E-03,+1.65625000E+00,+2.64374995E+00,+2.68125010E+00
+10.84000E-03,+1.50000000E+00,+2.61249995E+00,+2.46250010E+00
+10.85000E-03,+1.59375000E+00,+2.58124995E+00,+2.30625010E+00
+10.86000E-03,+1.90625000E+00,+2.48749995E+00,+2.15000010E+00
+10.87000E-03,+2.34375000E+00,+2.33124995E+00,+2.02500010E+00
+10.88000E-03,+2.75000000E+00,+2.26874995E+00,+2.11875010E+00
+10.89000E-03,+3.12500000E+00,+2.23749995E+00,+2.18125010E+00
+10.90000E-03,+3.31250000E+00,+2.23749995E+00,+2.36875010E+00
+10.91000E-03,+3.21875000E+00,+2.29999995E+00,+2.58750010E+00
+10.92000E-03,+2.96875000E+00,+2.39374995E+00,+2.77500010E+00
+10.93000E-03,+2.53125000E+00,+2.51874995E+00,+2.80625010E+00
+10.94000E-03,+2.06250000E+00,+2.58124995E+00,+2.80625010E+00
+10.95000E-03,+1.65625000E+00,+2.64374995E+00,+2.71250010E+00
+10.96000E-03,+1.50000000E+00,+2.61249995E+00,+2.49375010E+00
+10.97000E-03,+1.59375000E+00,+2.54999995E+00,+2.33750010E+00
+10.98000E-03,+1.90625000E+00,+2.45624995E+00,+2.15000010E+00
+10.99000E-03,+2.31250000E+00,+2.33124995E+00,+2.08750010E+00
+11.00000E-03,+2.78125000E+00,+2.23749995E+00,+2.08750010E+00
+11.01000E-03,+3.15625000E+00,+2.26874995E+00,+2.18125010E+00
+11.02000E-03,+3.34375000E+00,+2.23749995E+00,+2.36875010E+00
+11.03000E-03,+3.21875000E+00,+2.33124995E+00,+2.58750010E+00
+11.04000E-03,+2.93750000E+00,+2.39374995E+00,+2.77500010E+00
+11.05000E-03,+2.53125000E+00,+2.51874995E+00,+2.83750010E+00
+11.06000E-03,+2.00000000E+00,+2.61249995E+00,+2.77500010E+00
+11.07000E-03,+1.71875000E+00,+2.61249995E+00,+2.68125010E+00
+11.08000E-03,+1.46875000E+00,+2.64374995E+00,+2.49375010E+00
+11.09000E-03,+1.59375000E+00,+2.58124995E+00,+2.30625010E+00
+11.10000E-03,+1.93750000E+00,+2.45624995E+00,+2.15000010E+00
+11.11000E-03,+2.37500000E+00,+2.33124995E+00,+2.05625010E+00
+11.12000E-03,+2.84375000E+00,+2.26874995E+00,+2.11875010E+00
+11.13000E-03,+3.18750000E+00,+2.26874995E+00,+2.21250010E+00
+11.14000E-03,+3.31250000E+00,+2.23749995E+00,+2.40000010E+00
+11.15000E-03,+3.12500000E+00,+2.33124995E+00,+2.58750010E+00
+11.16000E-03,+2.84375000E+00,+2.42499995E+00,+2.77500010E+00
+11.17000E-03,+2.43750000E+00,+2.54999995E+00,+2.80625010E+00
+11.18000E-03,+1.96875000E+00,+2.61249995E+00,+2.77500010E+00
+11.19000E-03,+1.59375000E+00,+2.64374995E+00,+2.61875010E+00
+11.20000E-03,+1.50000000E+00,+2.61249995E+00,+2.43125010E+00
+11.21000E-03,+1.65625000E+00,+2.54999995E+00,+2.24375010E+00
+11.22000E-03,+2.00000000E+00,+2.45624995E+00,+2.08750010E+00
+11.23000E-03,+2.50000000E+00,+2.33124995E+00,+2.02500010E+00
+11.24000E-03,+2.93750000E+00,+2.26874995E+00,+2.15000010E+00
+11.25000E-03,+3.25000000E+00,+2.26874995E+00,+2.27500010E+00
+11.26000E-03,+3.25000000E+00,+2.26874995E+00,+2.46250010E+00
+11.27000E-03,+3.09375000E+00,+2.36249995E+00,+2.61875010E+00
+11.28000E-03,+2.71875000E+00,+2.42499995E+00,+2.77500010E+00
+11.29000E-03,+2.18750000E+00,+2.51874995E+00,+2.80625010E+00
+11.30000E-03,+1.81250000E+00,+2.61249995E+00,+2.74375010E+00
+11.31000E-03,+1.56250000E+00,+2.61249995E+00,+2.55625010E+00
+11.32000E-03,+1.56250000E+00,+2.54999995E+00,+2.36875010E+00
+11.33000E-03,+1.81250000E+00,+2.48749995E+00,+2.18125010E+00
+11.34000E-03,+2.25000000E+00,+2.36249995E+00,+2.11875010E+00
+11.35000E-03,+2.71875000E+00,+2.33124995E+00,+2.05625010E+00
+11.36000E-03,+3.09375000E+00,+2.26874995E+00,+2.18125010E+00
+11.37000E-03,+3.31250000E+00,+2.23749995E+00,+2.36875010E+00
+11.38000E-03,+3.21875000E+00,+2.29999995E+00,+2.55625010E+00
+11.39000E-03,+2.93750000E+00,+2.42499995E+00,+2.74375010E+00
+11.40000E-03,+2.50000000E+00,+2.51874995E+00,+2.77500010E+00
+11.41000E-03,+2.00000000E+00,+2.58124995E+00,+2.80625010E+00
+11.42000E-03,+1.65625000E+00,+2.61249995E+00,+2.65000010E+00
+11.43000E-03,+1.50000000E+00,+2.61249995E+00,+2.46250010E+00
+11.44000E-03,+1.65625000E+00,+2.54999995E+00,+2.27500010E+00
+11.45000E-03,+2.03125000E+00,+2.45624995E+00,+2.15000010E+00
+11.46000E-03,+2.50000000E+00,+2.33124995E+00,+2.11875010E+00
+11.47000E-03,+2.93750000E+00,+2.26874995E+00,+2.18125010E+00
+11.48000E-03,+3.25000000E+00,+2.26874995E+00,+2.30625010E+00
+11.49000E-03,+3.31250000E+00,+2.29999995E+00,+2.46250010E+00
+11.50000E-03,+3.06250000E+00,+2.39374995E+00,+2.68125010E+00
+11.51000E-03,+2.65625000E+00,+2.45624995E+00,+2.77500010E+00
+11.52000E-03,+2.15625000E+00,+2.54999995E+00,+2.80625010E+00
+11.53000E-03,+1.78125000E+00,+2.61249995E+00,+2.68125010E+00
+11.54000E-03,+1.53125000E+00,+2.61249995E+00,+2.55625010E+00
+11.55000E-03,+1.56250000E+00,+2.54999995E+00,+2.36875010E+00
+11.56000E-03,+1.90625000E+00,+2.48749995E+00,+2.18125010E+00
+11.57000E-03,+2.37500000E+00,+2.39374995E+00,+2.05625010E+00
+11.58000E-03,+2.84375000E+00,+2.33124995E+00,+2.11875010E+00
+11.59000E-03,+3.18750000E+00,+2.26874995E+00,+2.24375010E+00
+11.60000E-03,+3.31250000E+00,+2.26874995E+00,+2.43125010E+00
+11.61000E-03,+3.15625000E+00,+2.36249995E+00,+2.58750010E+00
+11.62000E-03,+2.78125000E+00,+2.45624995E+00,+2.74375010E+00
+11.63000E-03,+2.34375000E+00,+2.51874995E+00,+2.80625010E+00
+11.64000E-03,+1.84375000E+00,+2.58124995E+00,+2.74375010E+00
+11.65000E-03,+1.56250000E+00,+2.64374995E+00,+2.58750010E+00
+11.66000E-03,+1.53125000E+00,+2.58124995E+00,+2.36875010E+00
+11.67000E-03,+1.81250000E+00,+2.51874995E+00,+2.18125010E+00
+11.68000E-03,+2.25000000E+00,+2.39374995E+00,+2.11875010E+00
+11.69000E-03,+2.71875000E+00,+2.29999995E+00,+2.08750010E+00
+11.70000E-03,+3.15625000E+00,+2.26874995E+00,+2.21250010E+00
+11.71000E-03,+3.31250000E+00,+2.29999995E+00,+2.43125010E+00
+11.72000E-03,+3.21875000E+00,+2.36249995E+00,+2.61875010E+00
+11.73000E-03,+2.84375000E+00,+2.42499995E+00,+2.74375010E+00
+11.74000E-03,+2.34375000E+00,+2.54999995E+00,+2.77500010E+00
+11.75000E-03,+1.90625000E+00,+2.58124995E+00,+2.74375010E+00
+11.76000E-03,+1.56250000E+00,+2.61249995E+00,+2.58750010E+00
+11.77000E-03,+1.53125000E+00,+2.58124995E+00,+2.36875010E+00
+11.78000E-03,+1.78125000E+00,+2.51874995E+00,+2.21250010E+00
+11.79000E-03,+2.21875000E+00,+2.39374995E+00,+2.11875010E+00
+11.80000E-03,+2.68750000E+00,+2.33124995E+00,+2.08750010E+00
+11.81000E-03,+3.12500000E+00,+2.23749995E+00,+2.24375010E+00
+11.82000E-03,+3.28125000E+00,+2.23749995E+00,+2.40000010E+00
+11.83000E-03,+3.18750000E+00,+2.36249995E+00,+2.55625010E+00
+11.84000E-03,+2.87500000E+00,+2.42499995E+00,+2.71250010E+00
+11.85000E-03,+2.37500000E+00,+2.54999995E+00,+2.77500010E+00
+11.86000E-03,+1.90625000E+00,+2.61249995E+00,+2.71250010E+00
+11.87000E-03,+1.56250000E+00,+2.58124995E+00,+2.58750010E+00
+11.88000E-03,+1.53125000E+00,+2.54999995E+00,+2.40000010E+00
+11.89000E-03,+1.81250000E+00,+2.51874995E+00,+2.24375010E+00
+11.90000E-03,+2.25000000E+00,+2.42499995E+00,+2.08750010E+00
+11.91000E-03,+2.75000000E+00,+2.33124995E+00,+2.08750010E+00
+11.92000E-03,+3.12500000E+00,+2.26874995E+00,+2.24375010E+00
+11.93000E-03,+3.31250000E+00,+2.29999995E+00,+2.43125010E+00
+11.94000E-03,+3.15625000E+00,+2.36249995E+00,+2.58750010E+00
+11.95000E-03,+2.81250000E+00,+2.39374995E+00,+2.74375010E+00
+11.96000E-03,+2.31250000E+00,+2.54999995E+00,+2.77500010E+00
+11.97000E-03,+1.84375000E+00,+2.58124995E+00,+2.68125010E+00
+11.98000E-03,+1.56250000E+00,+2.61249995E+00,+2.55625010E+00
+11.99000E-03,+1.59375000E+00,+2.54999995E+00,+2.36875010E+00
+12.00000E-03,+1.84375000E+00,+2.45624995E+00,+2.21250010E+00
+12.01000E-03,+2.34375000E+00,+2.39374995E+00,+2.11875010E+00
+12.02000E-03,+2.84375000E+00,+2.26874995E+00,+2.08750010E+00
+12.03000E-03,+3.21875000E+00,+2.29999995E+00,+2.24375010E+00
+12.04000E-03,+3.31250000E+00,+2.29999995E+00,+2.43125010E+00
+12.05000E-03,+3.09375000E+00,+2.36249995E+00,+2.65000010E+00
+12.06000E-03,+2.68750000E+00,+2.45624995E+00,+2.74375010E+00
+12.07000E-03,+2.15625000E+00,+2.54999995E+00,+2.74375010E+00
+12.08000E-03,+1.71875000E+00,+2.58124995E+00,+2.68125010E+00
+12.09000E-03,+1.50000000E+00,+2.61249995E+00,+2.49375010E+00
+12.10000E-03,+1.59375000E+00,+2.54999995E+00,+2.30625010E+00
+12.11000E-03,+2.00000000E+00,+2.42499995E+00,+2.21250010E+00
+12.12000E-03,+2.50000000E+00,+2.36249995E+00,+2.11875010E+00
+12.13000E-03,+3.03125000E+00,+2.33124995E+00,+2.18125010E+00
+12.14000E-03,+3.28125000E+00,+2.26874995E+00,+2.33750010E+00
+12.15000E-03,+3.28125000E+00,+2.29999995E+00,+2.52500010E+00
+12.16000E-03,+3.03125000E+00,+2.39374995E+00,+2.68125010E+00
+12.17000E-03,+2.50000000E+00,+2.48749995E+00,+2.74375010E+00
+12.18000E-03,+2.03125000E+00,+2.58124995E+00,+2.74375010E+00
+12.19000E-03,+1.62500000E+00,+2.58124995E+00,+2.58750010E+00
+12.20000E-03,+1.46875000E+00,+2.58124995E+00,+2.43125010E+00
+12.21000E-03,+1.71875000E+00,+2.51874995E+00,+2.24375010E+00
+12.22000E-03,+2.18750000E+00,+2.42499995E+00,+2.15000010E+00
+12.23000E-03,+2.68750000E+00,+2.33124995E+00,+2.15000010E+00
+12.24000E-03,+3.12500000E+00,+2.29999995E+00,+2.21250010E+00
+12.25000E-03,+3.31250000E+00,+2.29999995E+00,+2.40000010E+00
+12.26000E-03,+3.18750000E+00,+2.33124995E+00,+2.55625010E+00
+12.27000E-03,+2.81250000E+00,+2.42499995E+00,+2.71250010E+00
+12.28000E-03,+2.25000000E+00,+2.54999995E+00,+2.77500010E+00
+12.29000E-03,+1.81250000E+00,+2.54999995E+00,+2.65000010E+00
+12.30000E-03,+1.56250000E+00,+2.58124995E+00,+2.55625010E+00
+12.31000E-03,+1.59375000E+00,+2.54999995E+00,+2.33750010E+00
+12.32000E-03,+1.90625000E+00,+2.45624995E+00,+2.18125010E+00
+12.33000E-03,+2.40625000E+00,+2.39374995E+00,+2.08750010E+00
+12.34000E-03,+2.96875000E+00,+2.33124995E+00,+2.15000010E+00
+12.35000E-03,+3.25000000E+00,+2.29999995E+00,+2.30625010E+00
+12.36000E-03,+3.31250000E+00,+2.29999995E+00,+2.46250010E+00
+12.37000E-03,+3.03125000E+00,+2.39374995E+00,+2.68125010E+00
+12.38000E-03,+2.50000000E+00,+2.45624995E+00,+2.74375010E+00
+12.39000E-03,+1.96875000E+00,+2.51874995E+00,+2.74375010E+00
+12.40000E-03,+1.62500000E+00,+2.58124995E+00,+2.61875010E+00
+12.41000E-03,+1.53125000E+00,+2.58124995E+00,+2.40000010E+00
+12.42000E-03,+1.78125000E+00,+2.45624995E+00,+2.24375010E+00
+12.43000E-03,+2.21875000E+00,+2.39374995E+00,+2.15000010E+00
+12.44000E-03,+2.78125000E+00,+2.33124995E+00,+2.15000010E+00
+12.45000E-03,+3.15625000E+00,+2.29999995E+00,+2.27500010E+00
+12.46000E-03,+3.37500000E+00,+2.29999995E+00,+2.40000010E+00
+12.47000E-03,+3.15625000E+00,+2.36249995E+00,+2.58750010E+00
+12.48000E-03,+2.71875000E+00,+2.45624995E+00,+2.74375010E+00
+12.49000E-03,+2.15625000E+00,+2.51874995E+00,+2.74375010E+00
+12.50000E-03,+1.71875000E+00,+2.58124995E+00,+2.61875010E+00
+12.51000E-03,+1.50000000E+00,+2.58124995E+00,+2.46250010E+00
+12.52000E-03,+1.65625000E+00,+2.48749995E+00,+2.27500010E+00
+12.53000E-03,+2.06250000E+00,+2.42499995E+00,+2.15000010E+00
+12.54000E-03,+2.62500000E+00,+2.39374995E+00,+2.15000010E+00
+12.55000E-03,+3.09375000E+00,+2.29999995E+00,+2.21250010E+00
+12.56000E-03,+3.31250000E+00,+2.26874995E+00,+2.36875010E+00
+12.57000E-03,+3.18750000E+00,+2.36249995E+00,+2.55625010E+00
+12.58000E-03,+2.84375000E+00,+2.42499995E+00,+2.74375010E+00
+12.59000E-03,+2.28125000E+00,+2.51874995E+00,+2.71250010E+00
+12.60000E-03,+1.78125000E+00,+2.54999995E+00,+2.71250010E+00
+12.61000E-03,+1.50000000E+00,+2.61249995E+00,+2.52500010E+00
+12.62000E-03,+1.62500000E+00,+2.54999995E+00,+2.33750010E+00
+12.63000E-03,+1.96875000E+00,+2.45624995E+00,+2.18125010E+00
+12.64000E-03,+2.50000000E+00,+2.39374995E+00,+2.11875010E+00
+12.65000E-03,+3.00000000E+00,+2.33124995E+00,+2.18125010E+00
+12.66000E-03,+3.28125000E+00,+2.29999995E+00,+2.33750010E+00
+12.67000E-03,+3.25000000E+00,+2.36249995E+00,+2.52500010E+00
+12.68000E-03,+2.87500000E+00,+2.39374995E+00,+2.68125010E+00
+12.69000E-03,+2.34375000E+00,+2.48749995E+00,+2.74375010E+00
+12.70000E-03,+1.87500000E+00,+2.54999995E+00,+2.65000010E+00
+12.71000E-03,+1.56250000E+00,+2.61249995E+00,+2.52500010E+00
+12.72000E-03,+1.56250000E+00,+2.51874995E+00,+2.33750010E+00
+12.73000E-03,+1.93750000E+00,+2.45624995E+00,+2.21250010E+00
+12.74000E-03,+2.43750000E+00,+2.36249995E+00,+2.11875010E+00
+12.75000E-03,+2.96875000E+00,+2.29999995E+00,+2.18125010E+00
+12.76000E-03,+3.28125000E+00,+2.26874995E+00,+2.36875010E+00
+12.77000E-03,+3.25000000E+00,+2.33124995E+00,+2.49375010E+00
